athlete_id,athlete_name,age,height,weight,sport,vertical_jump_height,sprint_speed,training_hours_per_week
1,Erhart Hatherleigh,30,194.3,56.1,basketball,58.98,8.3,22
2,Inge Stoving,23,159.3,100.7,swimming,12.31,11.08,23
3,Ava Ridgway,30,204.5,114.5,tennis,15.35,1.63,2
4,Malena Heisman,18,206.7,87.1,basketball,32.74,5.5,8
5,Dickie Micheu,22,185.3,52.5,basketball,21.23,5.88,0
6,Darcie Houldcroft,28,176.5,73.2,basketball,11.86,6.71,24
7,Isador Rame,24,157.1,104.2,tennis,6.85,7.77,17
8,Dew Sesser,24,150.0,118.2,tennis,4.67,10.01,2
9,Addi Mackney,19,200.7,59.9,tennis,10.46,6.77,31
10,Estevan Stainer,36,167.1,94.5,tennis,41.97,2.03,33
11,Jocelyne Muirden,40,161.1,77.4,tennis,56.51,3.48,31
12,Glennie Watchorn,35,189.4,104.9,tennis,51.41,4.91,27
13,Oralee Emanson,40,173.7,106.1,tennis,35.64,10.49,31
14,Moise Burstow,37,154.1,74.7,basketball,26.28,5.07,11
15,Seana Walding,37,196.9,95.1,tennis,49.27,0.95,13
16,Eleni Bellas,32,172.2,105.3,swimming,6.42,6.76,8
17,Noelyn Domel,34,187.2,62.7,soccer,25.62,2.92,35
18,Mariam Waszczykowski,19,166.0,67.1,swimming,46.58,6.08,9
19,Stefa MacKissack,30,172.2,85.9,swimming,27.16,1.43,13
20,Claude Masham,29,187.4,52.9,swimming,31.16,0.84,6
21,Leslie Fantini,20,156.0,119.1,tennis,45.04,3.88,3
22,Flemming Jeannon,20,203.7,102.3,basketball,21.56,8.06,0
23,Alyce Brannigan,20,219.1,114.5,swimming,51.88,7.37,5
24,Chariot Saberton,24,204.0,105.6,basketball,41.6,11.29,28
25,Robina Gilligan,22,185.1,70.8,basketball,41.9,8.42,10
26,Marijn Blincoe,37,186.9,118.7,soccer,57.3,6.75,39
27,Barbie Bails,20,209.3,109.2,soccer,52.28,8.16,34
28,Catlaina Matejka,32,201.8,93.8,swimming,40.46,10.0,9
29,Stanley Wakeman,39,173.3,90.1,tennis,50.68,10.23,5
30,Price Doghartie,19,182.5,64.2,swimming,44.71,1.68,34
31,Robbie Buttrum,36,204.8,107.4,swimming,32.97,6.56,22
32,Gardener Richardes,30,183.3,104.7,tennis,36.23,6.78,30
33,Fanni Capstack,30,206.6,83.4,soccer,54.55,5.04,1
34,Blisse Buye,34,176.4,113.2,basketball,55.0,1.88,12
35,Lucien Gaspero,21,179.9,105.0,swimming,24.67,10.97,10
36,Joy Naerup,35,209.9,110.9,soccer,32.73,10.49,13
37,Kellie Jonson,30,199.7,59.3,soccer,20.07,7.62,3
38,Ilsa Westphal,28,179.9,111.6,tennis,47.84,11.66,0
39,Fremont Tredgold,21,185.6,76.7,basketball,7.7,4.22,2
40,Kore Pawlyn,25,169.9,83.9,swimming,21.62,2.4,21
41,Lee Thebeaud,24,215.2,64.6,basketball,43.34,8.16,36
42,Lorenzo Bordone,24,192.8,78.6,soccer,55.35,7.81,22
43,Merralee Bloschke,40,151.5,55.1,basketball,0.71,7.76,31
44,Hugues Bensusan,38,213.9,70.9,soccer,0.18,5.47,29
45,Stanfield Kasper,25,171.2,81.4,swimming,51.32,6.03,35
46,Myca Halbord,25,162.7,115.3,tennis,47.81,0.14,2
47,Audra Goodliff,40,155.7,78.5,basketball,34.1,4.55,28
48,Katy Thebes,21,202.8,65.0,basketball,15.37,3.95,29
49,Carolina Clurow,30,180.8,73.8,basketball,24.48,3.9,31
50,Brunhilda Biggs,33,188.6,93.9,swimming,15.42,8.88,20
51,Wallis Carn,29,161.3,83.0,soccer,15.11,4.98,29
52,Homer Crosse,34,192.3,59.4,tennis,40.79,10.64,25
53,Nil Bennie,33,182.2,97.5,basketball,12.85,1.71,0
54,Cleopatra Eales,30,206.3,119.2,tennis,35.15,11.63,5
55,Fancie Dunaway,38,204.4,80.1,swimming,40.39,10.32,8
56,Maxy Cottom,32,210.7,92.5,soccer,19.78,8.95,35
57,Aloysia Kobera,35,163.8,74.3,basketball,51.58,6.65,28
58,Linn Beresford,21,216.5,61.7,soccer,1.79,0.13,31
59,Corbett Bugg,32,206.6,109.4,basketball,42.6,2.82,27
60,Eben Blick,25,184.7,104.9,basketball,40.94,3.26,15
61,Alix Wasielewski,36,195.3,118.1,soccer,59.81,4.36,15
62,Virge Chattey,38,190.1,67.1,tennis,41.55,0.97,29
63,Viola McRuvie,23,153.4,115.4,soccer,17.82,1.39,7
64,Dorita Lefridge,27,209.2,93.3,tennis,57.45,1.37,7
65,Amalie Turle,37,203.2,97.7,swimming,12.94,9.81,31
66,Marie-ann Iliffe,33,154.8,116.6,swimming,13.04,3.44,13
67,Allissa Royan,27,207.9,89.8,swimming,36.13,6.87,19
68,Ambrosius Ainsbury,35,162.2,82.2,basketball,42.52,7.68,23
69,Cathyleen Almond,19,158.3,62.8,basketball,49.26,6.14,19
70,Conrad Ettridge,29,168.3,118.2,soccer,8.84,8.31,9
71,Maddalena Pemberton,38,179.7,93.7,swimming,38.25,5.13,36
72,Axel Boarleyson,39,214.8,92.3,swimming,52.14,4.94,38
73,Zacharias Mation,35,167.7,83.7,swimming,30.34,5.72,11
74,Cathleen Capron,24,207.7,56.5,basketball,52.94,7.37,32
75,Cherise Baggett,25,161.9,86.1,basketball,34.89,4.37,35
76,Maitilde Malan,38,193.1,86.5,basketball,34.39,1.3,4
77,Carmella Crates,33,176.0,92.0,soccer,6.37,2.35,25
78,Farrah Barts,21,162.4,84.2,tennis,43.36,9.38,15
79,Shannen Roubeix,26,196.5,71.0,tennis,5.31,10.14,33
80,Zita Bliss,21,198.1,99.1,soccer,5.77,2.43,15
81,Cher Halmkin,27,217.8,89.5,swimming,12.85,9.31,11
82,Sheridan Lynskey,32,186.2,93.1,swimming,31.1,5.99,12
83,Kristos Fillimore,35,174.4,106.6,swimming,30.07,10.83,40
84,Annabell Hasloch,37,194.1,112.5,soccer,36.03,4.8,10
85,Saxon Janiak,23,153.3,102.2,soccer,5.33,7.03,17
86,Madalena Caplen,19,157.6,77.6,soccer,41.25,4.36,17
87,Upton Waumsley,18,182.8,118.7,swimming,17.71,10.92,18
88,Romain Mosen,28,177.5,102.3,soccer,52.72,10.32,29
89,Lanie Semark,37,163.3,73.7,swimming,52.13,8.46,24
90,Reynold Mingasson,31,164.5,97.1,soccer,47.15,4.83,31
91,Shoshana Reeveley,30,153.9,51.5,soccer,17.4,7.97,17
92,Walker Burrus,23,174.4,53.7,basketball,47.99,3.02,13
93,Megan Collington,32,168.6,68.5,tennis,48.24,8.36,17
94,Desiri Venediktov,33,205.6,50.7,swimming,15.3,10.06,10
95,Merl Tolley,38,191.5,94.7,soccer,23.78,2.82,12
96,Godfry Riggs,23,177.9,119.7,swimming,22.41,9.7,14
97,Ingar Paniman,23,150.5,70.8,basketball,53.16,3.97,17
98,Sybil Powter,30,167.7,71.7,soccer,8.16,7.61,14
99,Maritsa Vasiltsov,22,155.3,109.5,swimming,53.31,1.53,11
100,Salem Clemencet,23,189.1,69.3,tennis,53.1,9.89,10
101,Geraldine Ferebee,36,151.6,62.3,basketball,15.43,4.39,37
102,Torre Riddler,32,201.4,67.8,basketball,0.25,6.36,0
103,Dalis Tooker,28,216.6,117.2,tennis,4.86,1.74,16
104,Abey Dible,23,156.7,107.7,tennis,29.38,9.1,6
105,Iver Keneford,20,175.1,67.6,basketball,11.23,1.35,3
106,Haleigh James,40,164.3,74.6,basketball,46.94,6.8,39
107,Ryon Stivens,39,210.4,58.9,swimming,30.84,1.09,11
108,Cassie Duddridge,22,185.7,51.8,swimming,35.01,2.45,23
109,Bartholemy Tappington,24,153.5,93.9,soccer,26.21,2.31,19
110,Dyan Ship,35,169.7,71.9,basketball,13.06,6.01,39
111,Jayson Fergyson,18,168.9,78.8,swimming,1.69,1.71,7
112,Britta Markwick,28,154.9,81.9,tennis,7.96,10.68,34
113,Braden Maiden,26,159.6,85.0,tennis,22.2,2.25,7
114,Blancha Orton,32,196.0,68.3,tennis,59.05,1.17,22
115,Bea De Mico,31,167.5,76.9,swimming,45.5,8.71,3
116,Valaria Obal,30,154.1,61.8,soccer,54.05,10.84,34
117,Julianna Melson,38,181.2,95.7,tennis,2.25,4.56,30
118,Ciro Hugonnet,19,206.7,68.9,soccer,48.32,0.84,30
119,Nikolos Moresby,28,219.1,83.4,swimming,47.45,10.73,16
120,Abramo Wylam,32,177.2,105.9,soccer,46.08,1.09,39
121,Kellsie Crose,21,168.9,63.2,soccer,44.67,5.83,7
122,Mariya Kearford,37,188.8,106.3,tennis,47.98,5.16,11
123,Neala Parchment,30,153.0,72.7,basketball,48.34,0.77,15
124,Libbi McBayne,26,153.1,115.1,tennis,29.15,6.45,12
125,Gladi Vayro,33,165.2,72.8,soccer,55.97,1.82,20
126,Shadow Dorrity,27,205.0,109.6,tennis,5.29,10.11,3
127,Chloris Roycroft,38,173.9,115.6,basketball,14.96,0.34,40
128,Stephanie Woodman,31,200.0,80.8,swimming,37.15,7.97,17
129,Abigale Camilli,29,191.3,92.8,swimming,41.97,3.44,10
130,Imogene Oglesbee,40,217.8,101.4,swimming,16.07,5.06,18
131,Taffy Beckhouse,19,220.0,87.6,tennis,24.95,4.77,10
132,Clayton Syson,40,170.4,99.2,tennis,38.56,11.94,36
133,Meriel Degoey,36,190.3,67.5,swimming,52.63,5.2,21
134,Teresita Fullager,33,178.1,75.2,basketball,6.88,7.55,37
135,Nikos Syddall,28,217.0,116.9,soccer,45.43,7.29,1
136,Britney Rolf,30,160.8,75.9,tennis,27.13,4.96,17
137,Moreen Speek,36,186.4,83.5,swimming,3.33,10.18,30
138,Tori Hellyar,20,187.9,119.5,basketball,41.24,0.12,23
139,Thomasin Parkman,33,169.8,83.8,basketball,27.5,5.59,10
140,Tuck De Andreis,19,201.6,109.5,soccer,23.79,9.64,35
141,Felix Paulich,24,168.8,87.9,basketball,14.36,11.45,39
142,Katharyn Divall,29,201.9,81.1,basketball,52.26,10.54,30
143,Tommie Pendrey,37,151.9,95.7,basketball,39.05,0.91,25
144,Nicolis Goggins,26,215.8,108.4,tennis,34.49,2.38,18
145,Ranique Searjeant,34,180.5,92.7,swimming,9.33,5.48,19
146,Hiram Dallison,35,216.5,55.9,tennis,3.58,4.07,34
147,Laughton Cater,31,201.0,63.2,swimming,9.57,7.94,10
148,August Sarath,25,153.0,112.3,soccer,55.93,1.78,32
149,Hazel Seabridge,37,169.9,78.4,tennis,23.72,6.57,18
150,Hank Jagiello,26,152.5,104.0,soccer,46.05,6.33,18
151,Swen Pennigar,23,176.9,69.3,tennis,54.45,4.6,13
152,Calhoun Lude,36,158.6,80.9,swimming,23.45,1.7,17
153,Laverne Canty,31,213.1,99.0,basketball,25.14,5.56,16
154,Violet Punch,28,206.9,73.1,tennis,58.31,1.43,36
155,Boniface Gallamore,29,154.4,85.8,basketball,0.86,3.24,23
156,Kalindi Fullilove,20,178.3,95.7,basketball,57.61,4.23,12
157,Fin Towell,39,192.6,66.4,soccer,45.97,0.87,16
158,Lou Braganza,19,217.2,101.5,tennis,29.39,5.98,22
159,Bryant Eldin,25,184.0,75.6,swimming,30.6,6.33,7
160,Lamond Hilling,33,154.9,92.0,swimming,48.11,4.88,2
161,Laurens Windas,25,176.2,78.0,swimming,33.11,5.23,30
162,Kiri O'Brogan,19,210.1,54.6,soccer,5.35,10.97,17
163,Malissia Kaines,24,190.7,60.6,swimming,15.22,3.76,38
164,Mic Damrell,18,172.6,62.4,basketball,5.76,1.03,27
165,Ami Dybald,18,202.4,85.4,swimming,0.98,2.4,5
166,Morganne Whardley,34,183.2,64.0,tennis,17.21,6.23,24
167,Thacher Tatlow,19,163.3,64.1,swimming,7.08,5.0,19
168,Hendrika Josefsson,33,178.4,53.3,basketball,48.99,3.65,19
169,Ezra Pechard,38,161.7,56.3,tennis,2.71,0.4,4
170,Elise Proffitt,38,169.5,60.1,swimming,48.86,10.57,19
171,Nessi Glazyer,23,159.7,101.0,basketball,44.36,1.93,38
172,Pris Grundy,35,150.7,55.6,tennis,1.63,2.12,8
173,Cheslie Newbigging,32,184.1,53.3,basketball,46.87,9.01,24
174,Abagail Dotterill,34,181.1,89.5,swimming,51.37,11.51,5
175,Blithe Bloore,39,169.7,71.0,basketball,9.85,6.45,30
176,Jeromy Blade,19,188.3,119.1,soccer,25.24,0.36,29
177,Meade Larby,33,214.0,113.5,soccer,46.16,6.24,7
178,Booth Blaby,34,211.9,119.9,swimming,58.19,3.62,17
179,Amalie Gye,20,208.5,59.8,tennis,16.54,3.85,17
180,Andra Penrice,35,195.7,89.4,basketball,50.88,0.34,15
181,Hattie Skipping,18,179.4,89.1,soccer,8.23,6.41,23
182,Myrle MacDiarmid,39,179.6,85.0,basketball,51.13,9.21,38
183,Wenona Rubanenko,35,156.8,76.3,tennis,23.13,3.23,35
184,Tuckie Rawlingson,35,180.5,64.5,swimming,32.39,10.33,5
185,Gloria Killick,29,158.3,67.4,tennis,57.75,10.46,3
186,Berenice Lohden,21,185.9,90.4,basketball,57.7,10.21,12
187,Vania Shakespear,28,154.2,112.5,tennis,41.1,0.33,28
188,Bonnie Radoux,28,206.2,73.2,soccer,12.74,8.35,34
189,Pattie Llewelly,26,206.4,71.0,basketball,34.92,2.42,23
190,Wat Collicott,37,176.0,80.4,soccer,41.81,11.98,24
191,Jeannine Jedrzejkiewicz,22,195.3,55.6,soccer,19.47,5.76,40
192,Jeanie Vernham,18,151.7,79.8,basketball,33.02,1.11,35
193,Sonny Tice,24,197.9,99.7,tennis,20.1,1.35,8
194,Adamo Darleston,19,180.1,112.1,swimming,59.05,4.07,18
195,Robb Greatreax,27,187.3,97.8,tennis,38.67,5.73,23
196,Roger Cheese,30,153.2,74.4,tennis,36.0,3.22,17
197,Tod Armatage,25,202.0,75.5,swimming,50.61,8.46,36
198,Gard Renn,37,158.0,106.2,basketball,33.43,0.63,26
199,Hobart Jorry,36,194.8,74.9,soccer,1.61,10.99,1
200,Jacenta Sibthorp,25,150.7,53.5,swimming,51.65,2.84,37
201,Gunner Shakspeare,24,199.1,86.4,tennis,4.7,3.94,21
202,Kalli Glendinning,21,153.0,107.4,swimming,59.92,11.43,17
203,Josie Chittleburgh,35,200.1,101.5,soccer,52.34,6.59,37
204,Lois Pinchon,37,156.0,67.3,swimming,10.6,11.85,13
205,Tully Brann,22,208.2,78.9,tennis,15.26,6.1,20
206,Tybi Enstone,28,194.9,62.6,soccer,58.7,0.86,33
207,Swen Ivory,24,154.0,117.6,basketball,8.43,10.62,35
208,Britte Corneljes,22,214.2,90.3,soccer,51.77,2.14,3
209,Archibaldo Halpen,30,170.8,93.3,swimming,45.89,3.02,26
210,Lucky Gillice,34,182.7,51.6,swimming,43.69,4.52,37
211,Bianca Slingsby,31,157.1,55.3,soccer,24.53,3.84,0
212,Zsazsa Gledhall,25,206.4,58.3,swimming,36.17,1.18,8
213,Araldo Basire,37,198.8,114.6,swimming,36.73,2.58,10
214,Mick Bennellick,29,202.9,100.0,basketball,10.66,1.9,9
215,Martyn MacFarlane,36,192.6,72.2,tennis,41.35,11.72,14
216,Cassondra Pitblado,25,213.3,54.8,basketball,43.2,10.82,9
217,Suellen Abercrombie,26,212.8,51.6,tennis,19.05,2.74,40
218,Anestassia Blees,24,176.2,66.3,basketball,58.72,0.53,26
219,Melva Whitnell,21,184.5,84.2,tennis,52.1,9.61,2
220,Devan Kondratowicz,31,199.9,96.4,basketball,6.67,5.11,33
221,Flo Comsty,27,155.2,54.8,swimming,30.6,8.1,15
222,Lauren Cornely,36,198.6,87.1,tennis,2.28,1.48,23
223,Giustino Wimpress,37,208.4,93.1,swimming,13.2,3.38,3
224,Liliane Doylend,33,191.2,80.6,soccer,54.74,8.95,1
225,Tadd Screwton,40,169.1,58.2,soccer,32.73,0.59,28
226,Otha Woolforde,37,155.9,86.3,basketball,37.3,6.37,7
227,Corby Martinson,18,160.0,89.2,tennis,40.08,11.31,10
228,Caty Markson,24,204.6,74.6,basketball,58.05,10.77,30
229,Nichole Kincey,39,191.7,93.3,basketball,23.04,3.99,38
230,Donia Dunbabin,38,192.9,66.0,soccer,28.32,2.1,36
231,Dan Marchi,27,153.5,81.4,basketball,22.02,3.78,17
232,Westbrook Burchard,23,198.1,119.2,tennis,57.52,0.35,6
233,Beale Priestnall,30,208.6,83.5,swimming,13.72,2.54,34
234,Camila Trorey,19,167.9,56.5,basketball,30.05,7.77,29
235,Matthiew Gilliver,38,153.0,111.9,tennis,58.94,7.0,2
236,Cliff Schaben,28,186.7,103.7,soccer,49.22,4.89,23
237,Bibbye Ciccoloi,19,206.1,66.6,swimming,40.07,10.27,13
238,Cornela Sandercock,33,169.9,87.7,soccer,3.47,11.92,1
239,Wendel Stuckley,35,167.0,103.1,soccer,19.52,11.61,15
240,Jamie Matisse,22,204.6,59.2,basketball,19.53,5.24,37
241,Modestia Benko,38,190.5,71.4,swimming,49.19,9.25,15
242,Marabel Gracewood,24,164.9,57.0,basketball,3.87,9.58,11
243,Rasia Tideswell,30,171.6,88.9,soccer,48.65,0.35,18
244,Laurette Colliford,37,167.2,101.9,swimming,2.81,10.73,27
245,Charles Fateley,29,171.3,76.4,basketball,35.71,0.32,21
246,Codie Mully,31,191.6,83.0,soccer,14.36,10.88,29
247,Natale Breston,26,202.4,88.2,tennis,54.11,11.98,6
248,Roderich Bagwell,39,192.2,93.2,tennis,2.34,8.09,5
249,Charis Stegell,18,173.8,56.6,soccer,39.74,5.28,26
250,Marlowe Bambury,23,157.1,70.0,tennis,59.66,5.9,7
251,Dwayne O'Fallon,24,199.6,60.8,soccer,46.86,2.93,17
252,Noni Lacoste,18,182.2,94.8,soccer,34.68,9.38,11
253,Traci Tender,33,157.8,101.8,soccer,51.92,7.91,22
254,Irvine Challicum,37,166.6,73.7,soccer,36.52,6.8,3
255,Merrie Chesnay,36,217.6,119.4,swimming,52.61,9.23,3
256,Rebbecca Bleacher,39,184.6,112.7,soccer,27.74,10.8,33
257,Maximo Blaze,28,180.1,95.1,soccer,52.8,8.43,38
258,Thedric McKirdy,20,157.9,58.4,soccer,28.99,9.46,11
259,Luelle Lardier,33,182.3,101.5,swimming,21.13,10.94,34
260,Gorden Brackley,38,211.9,96.1,soccer,3.9,4.61,17
261,Aurilia Zahor,25,165.1,93.6,basketball,37.18,5.32,6
262,Francis Newcom,34,174.2,103.2,swimming,12.93,5.47,22
263,Clovis Vizard,19,170.7,82.4,basketball,4.31,4.88,18
264,Araldo Bousler,40,171.8,118.8,soccer,49.14,8.18,23
265,Angeli Pate,29,191.2,52.2,swimming,44.95,7.09,12
266,Jordan McCormick,24,212.0,103.4,swimming,56.9,8.76,30
267,Keefe Spoors,25,180.1,60.9,basketball,25.52,2.75,8
268,Stefanie Ipsly,18,210.1,77.2,swimming,22.0,5.43,12
269,Marti Garaway,30,155.1,103.8,tennis,45.62,10.78,34
270,Violetta Touhig,31,198.8,58.7,basketball,29.73,8.71,1
271,Web Gluyus,28,198.0,52.7,soccer,18.16,10.06,13
272,Theodore Abendroth,27,197.6,85.7,basketball,4.13,8.18,23
273,Mead Heffer,35,185.9,119.3,swimming,21.03,4.51,8
274,Shelia Baily,36,154.6,99.6,swimming,44.47,8.21,20
275,Berri Roarty,32,170.4,86.8,swimming,11.62,2.16,0
276,Sapphire Sussams,19,211.7,69.8,swimming,12.99,4.45,23
277,Kalindi Skittrall,33,168.0,66.1,swimming,3.38,1.6,23
278,Mallory Worrell,39,214.3,89.7,tennis,16.97,11.62,36
279,Conrade Skett,18,185.7,91.2,soccer,20.97,9.44,19
280,Harrison Terren,24,155.6,100.6,tennis,35.62,9.94,20
281,Yule Flockhart,21,216.0,70.9,tennis,46.31,9.21,15
282,Garrard Dimeloe,35,162.7,51.3,swimming,1.3,11.54,13
283,Frayda Nuton,30,176.2,101.4,swimming,35.71,7.75,7
284,Muffin Anchor,18,163.9,109.1,basketball,43.57,1.23,6
285,Hollyanne Pretious,31,184.5,99.0,tennis,55.8,0.11,32
286,Renate Kayzer,27,180.3,96.2,swimming,36.06,7.22,35
287,Brook Ertelt,25,205.3,68.8,tennis,20.53,9.84,0
288,Salomo Bindon,37,198.0,57.1,tennis,0.63,7.87,13
289,Matt Kermon,19,179.1,76.1,swimming,39.95,11.79,39
290,Dorelle Proffer,34,213.3,101.5,basketball,41.32,8.25,28
291,Heriberto Varne,26,186.4,116.0,tennis,19.54,0.76,8
292,Langston Andrieux,20,203.3,57.4,basketball,54.71,3.45,22
293,Blondy Bountiff,40,217.7,60.3,soccer,33.74,11.46,16
294,Warren Skeldon,29,192.0,93.1,basketball,48.75,8.7,11
295,Lilith Ferryman,26,168.8,74.7,tennis,58.14,0.41,6
296,Velma Arons,32,157.8,78.4,swimming,40.8,6.55,13
297,Sharline Heyfield,39,209.6,65.1,soccer,1.83,10.94,8
298,Edik Banaszkiewicz,28,152.7,80.3,basketball,19.44,2.17,22
299,Vail McGrath,29,208.3,110.3,soccer,54.53,3.68,17
300,Jules Beebis,21,215.5,101.0,basketball,38.61,10.02,12
301,Tessi Acome,25,162.1,104.3,basketball,25.0,9.01,13
302,Desiri Ausiello,32,201.5,109.6,swimming,1.69,8.65,6
303,Filberto Cleverly,38,174.4,61.9,basketball,36.63,8.01,1
304,Maurise Godmar,35,196.9,64.5,tennis,26.61,6.71,38
305,Rosetta Pitway,35,163.0,57.6,tennis,33.0,8.27,14
306,Sal Zaniolo,28,187.1,116.2,swimming,18.83,0.15,10
307,Chip Archdeacon,19,207.6,93.4,basketball,46.77,6.21,7
308,Chandal Cowope,20,167.2,52.8,basketball,30.73,1.19,20
309,Viviana Leverington,36,155.2,109.4,swimming,53.19,5.67,37
310,Conan Dubble,24,204.0,57.2,soccer,2.55,5.61,40
311,Keen Wilsher,18,205.6,105.4,soccer,47.46,5.73,11
312,Padgett Brosel,25,216.8,118.8,swimming,16.21,6.4,31
313,Joann Caveill,26,201.1,53.6,tennis,37.38,6.22,31
314,Ardelia Shillam,32,214.9,99.2,tennis,12.38,4.37,27
315,Daniele Smaridge,31,157.6,60.1,tennis,40.86,7.36,25
316,Kym Kinnett,26,213.4,91.5,tennis,11.9,1.64,30
317,Binky Batiste,40,165.7,84.3,soccer,5.04,4.35,22
318,Vanni Durbridge,28,167.1,71.8,basketball,23.42,11.13,13
319,Walsh Barnsdall,21,169.7,86.5,tennis,35.51,6.07,8
320,Olvan Agneau,24,177.3,97.8,soccer,18.05,6.11,31
321,Damian Dulwich,37,213.9,76.8,swimming,51.93,7.21,3
322,Malachi Sate,38,166.0,51.2,basketball,53.93,1.96,22
323,Jilly Gayler,21,176.3,111.1,tennis,21.33,0.55,14
324,Ebony Bullene,29,194.7,62.3,basketball,8.77,4.35,1
325,Marina McDuffy,31,209.4,57.7,soccer,30.06,3.47,15
326,Lurline Giacomelli,37,192.6,100.3,soccer,40.04,11.48,33
327,Pincas Latek,37,217.2,114.0,tennis,15.81,5.47,20
328,Mahalia Prestage,24,194.5,64.1,swimming,16.6,11.69,32
329,Clayborn Jiracek,23,200.0,97.5,basketball,59.6,9.53,15
330,Betteanne Barnsdale,33,217.9,71.8,basketball,51.18,1.97,9
331,Hale Riveles,19,165.9,84.6,soccer,37.06,8.31,22
332,Robbin Di Roberto,23,169.0,63.1,basketball,26.69,10.67,35
333,Emily Sommerly,29,195.9,118.0,basketball,55.5,5.01,14
334,Shurwood Geering,34,217.5,81.0,tennis,35.48,2.08,32
335,Flori Waycott,32,169.2,92.3,soccer,9.64,4.39,15
336,Analiese Wonfor,38,159.7,109.4,soccer,2.61,4.11,29
337,Desdemona Dellenbach,34,169.1,73.4,tennis,18.25,10.72,18
338,Miguel Harry,35,193.5,67.5,tennis,39.07,4.34,34
339,Harriet Deards,21,206.5,57.7,soccer,33.19,10.54,33
340,Garwin Valde,26,205.8,51.7,swimming,27.68,3.43,26
341,Thom Bartusek,32,169.0,56.7,basketball,25.23,10.12,37
342,Dame Izon,27,166.8,58.5,swimming,4.85,8.48,10
343,Sullivan Pietruszewicz,25,156.1,58.8,swimming,22.98,8.39,17
344,Aube Barthorpe,35,164.3,66.3,basketball,50.53,3.51,20
345,Briney Lembke,22,217.7,77.8,tennis,40.39,8.12,3
346,Darius Skea,33,197.2,93.9,soccer,58.29,7.96,33
347,Margaux Tomsu,32,175.2,57.0,swimming,48.79,5.67,8
348,Idalia Gostage,39,158.0,61.0,soccer,59.36,1.76,34
349,Modestine O'Deoran,29,175.4,103.3,soccer,27.26,10.79,10
350,Fedora Hiorn,29,175.3,77.1,basketball,6.73,3.03,28
351,Waldon Prichet,33,153.9,72.6,swimming,31.14,7.19,8
352,Rachele Blaydon,36,162.4,109.0,tennis,9.0,7.54,3
353,Yalonda Cossum,32,189.0,97.7,soccer,0.37,6.58,15
354,Cristian Bernt,31,157.8,83.4,soccer,30.22,9.43,27
355,Lloyd Gash,39,211.7,99.1,basketball,7.2,8.08,28
356,Cordie Baldacchi,33,201.6,86.6,swimming,31.53,11.66,12
357,Harmon Bentz,20,206.4,114.1,basketball,56.18,11.96,39
358,Eamon Ridgewell,30,153.4,66.2,basketball,26.98,11.7,5
359,Pate Gillbey,37,175.3,64.9,tennis,39.74,8.98,31
360,Jenn Josipovic,28,166.7,81.7,swimming,45.85,8.85,9
361,Willow Twiname,26,194.3,107.2,tennis,16.13,5.85,17
362,Rolf Kirckman,32,181.4,56.3,swimming,37.95,11.2,27
363,Germana Nealon,26,199.7,92.5,basketball,10.36,7.52,31
364,Jasmine Bondley,34,158.0,72.5,basketball,26.91,0.04,25
365,Chandler Schultheiss,40,174.3,82.1,basketball,7.58,11.46,18
366,Wilmette Humpherston,22,177.4,93.8,tennis,38.75,2.27,1
367,Jeane Wynes,18,188.6,82.8,tennis,28.81,3.67,13
368,Terrill Goddman,25,219.9,56.2,basketball,37.81,7.5,1
369,Garth Leftbridge,33,157.2,50.9,tennis,29.1,11.08,11
370,Queenie Finder,40,180.5,67.3,soccer,13.28,0.76,19
371,Ezequiel Attwoull,30,159.1,112.5,basketball,33.46,5.5,28
372,Waylin Glover,36,157.6,54.5,soccer,13.64,1.61,31
373,Leonard Hicklingbottom,35,183.7,50.2,soccer,25.61,11.45,17
374,Caitrin Valentin,40,153.5,112.3,swimming,27.61,0.89,13
375,Andy Stockin,32,179.6,109.8,tennis,46.55,0.51,3
376,Richart Yushkin,18,163.9,77.5,tennis,33.16,9.57,22
377,Garvy Schimke,31,209.1,102.8,tennis,49.86,2.16,3
378,Krishna Von Oertzen,36,182.5,69.7,basketball,55.93,11.96,0
379,Lock Coltman,31,204.6,87.7,basketball,36.51,3.3,11
380,Sanford Bernardi,28,219.4,68.8,basketball,32.82,8.51,30
381,Mireielle Fausset,35,206.8,86.6,basketball,36.14,7.93,30
382,Jamima Jury,36,191.2,57.8,swimming,22.05,2.55,21
383,Frasier Mounfield,19,204.1,101.4,soccer,3.6,8.36,20
384,Kristien Willcot,35,194.4,53.8,basketball,6.22,10.17,30
385,Marlo Dawson,38,177.1,65.0,soccer,43.36,2.7,37
386,Raleigh Richemont,24,201.6,108.1,swimming,42.79,1.06,37
387,Marchall Gorner,20,154.4,86.6,basketball,15.47,4.62,35
388,Levi MacGaughey,37,184.2,60.1,soccer,49.93,0.83,25
389,Corliss Burgill,26,179.4,97.2,tennis,17.74,0.46,4
390,Clark Viccary,24,200.0,63.4,basketball,0.72,10.84,25
391,Fernande Redmore,40,203.3,84.6,tennis,30.46,10.78,5
392,Maegan Sidwick,25,186.0,101.7,tennis,24.9,3.66,28
393,Bethany Keoghan,21,162.9,54.8,tennis,45.8,7.9,28
394,Shari Jankovsky,39,153.8,80.0,swimming,55.55,6.09,19
395,Cathyleen Carlisso,22,217.1,103.1,swimming,52.93,11.47,39
396,Aurelie Dormer,21,214.0,77.1,tennis,56.95,0.38,10
397,Zak Jurzyk,25,159.7,92.8,tennis,58.22,0.93,0
398,Kimball Cuberley,25,206.0,51.6,swimming,50.26,5.84,1
399,Wiatt McGahey,28,166.7,76.2,swimming,43.06,2.11,14
400,Gerta Huller,28,177.9,80.1,soccer,24.02,0.37,22
401,Zsazsa Meddings,25,203.3,97.9,swimming,23.99,2.92,16
402,Philly Crotty,37,199.8,55.5,soccer,41.96,0.51,24
403,Odey Ripper,34,183.4,64.0,soccer,3.49,8.74,9
404,Mair Issitt,38,167.2,57.1,basketball,32.6,10.27,25
405,Berty Macklam,40,204.9,79.1,swimming,5.87,11.41,24
406,Randolf Coales,36,180.7,80.1,swimming,33.64,3.29,38
407,Charla Traite,19,190.0,62.9,swimming,22.46,5.98,17
408,Annabelle Gaitone,26,175.3,104.6,tennis,2.43,10.94,14
409,Haley Hardi,40,166.9,71.7,basketball,21.04,10.64,32
410,Corabella Petch,19,167.1,66.1,tennis,52.83,8.98,23
411,Benjamen Duerden,21,166.8,107.5,basketball,27.49,2.41,34
412,Marita Jollye,26,178.2,76.5,swimming,26.54,7.27,39
413,Dukie Monger,18,215.8,103.4,basketball,27.03,9.31,20
414,Cally McGrail,23,194.7,53.3,soccer,35.95,3.69,29
415,Malchy Macy,39,197.7,61.3,basketball,24.22,1.63,0
416,Kaiser Vallentin,35,154.2,118.1,basketball,21.17,1.08,30
417,Jennie Lyburn,33,152.4,76.8,basketball,8.81,2.43,40
418,Harley Cropton,35,211.2,92.2,soccer,29.84,3.04,6
419,Stillmann Petyt,28,151.6,58.6,soccer,28.55,7.14,39
420,Silva Lightowler,30,200.7,52.1,basketball,29.69,7.13,8
421,Reilly Logan,37,152.1,102.0,swimming,47.04,2.31,2
422,Sandie Cutforth,33,191.3,93.7,swimming,57.55,5.46,23
423,Melinda Walentynowicz,29,214.7,80.1,swimming,56.55,2.81,31
424,Waring Waywell,40,188.7,111.9,soccer,58.58,9.92,31
425,Warner Folan,31,190.5,112.0,soccer,27.69,7.26,32
426,Nathanael Little,23,174.5,54.4,basketball,8.9,1.11,40
427,Carlin Thieme,36,162.0,72.2,tennis,14.72,5.03,13
428,Jordanna Parkes,40,218.8,55.3,basketball,40.72,8.47,24
429,Tessa Belvard,37,209.0,53.1,basketball,45.04,9.95,34
430,Tessie Brizell,40,172.3,71.3,swimming,59.6,4.47,1
431,Flin Cubbini,23,191.4,52.8,swimming,47.9,1.01,18
432,Anastasie Dedenham,25,183.5,116.1,swimming,38.86,2.54,35
433,Ferdinand Veevers,35,184.5,55.6,tennis,12.01,8.32,26
434,Kory Pritchett,31,187.5,53.1,swimming,6.23,0.75,40
435,Arlene Fosten,35,172.9,91.3,swimming,4.06,3.52,3
436,Timothy De Andreis,38,162.6,107.5,tennis,50.95,3.98,9
437,Chuck Birchill,31,212.6,91.4,swimming,51.55,2.97,5
438,Glenden Galway,22,168.3,89.6,tennis,28.23,7.86,6
439,Riannon Fontell,30,179.6,86.7,tennis,24.74,6.03,38
440,Moise Waller-Bridge,37,208.1,97.2,tennis,35.19,9.98,18
441,Mortie Elms,38,197.7,58.5,swimming,48.1,11.42,22
442,Orran Andriulis,36,172.6,71.3,tennis,24.59,5.46,1
443,Desirae Thorley,26,214.4,62.0,swimming,21.39,3.36,6
444,Amitie Lemerie,23,192.2,82.1,soccer,46.71,11.35,21
445,Alwin Houlston,25,158.6,71.5,basketball,41.33,10.51,6
446,Gabbi Gable,30,151.3,115.9,tennis,34.04,8.02,32
447,Udall Haddock,30,176.1,77.0,basketball,58.35,0.6,27
448,Karlotte Lowthian,30,181.3,117.0,tennis,28.41,7.11,21
449,Enoch Gradon,35,165.6,108.1,swimming,20.8,1.95,28
450,Desiree Laviste,33,207.9,62.9,soccer,23.59,10.37,17
451,Marlo Silbersak,22,152.4,78.0,swimming,28.35,8.7,25
452,Paula Causley,30,216.4,100.6,basketball,59.79,11.04,36
453,Artemus Dallimore,36,201.1,116.2,basketball,59.93,6.52,35
454,Bruno Crookall,20,201.5,102.2,soccer,38.19,3.42,31
455,Bartlet Collecott,21,161.9,94.5,swimming,38.56,1.79,27
456,Barbabas Metzig,29,201.5,70.3,basketball,41.55,2.0,11
457,Flory Hackley,18,185.1,102.1,basketball,34.38,9.7,27
458,Yancy Scirman,25,194.3,99.8,basketball,34.29,1.27,30
459,Leonanie Mcall,33,203.8,96.2,basketball,11.45,4.62,15
460,Doro Trendle,28,182.8,77.9,swimming,52.65,3.61,6
461,Aretha Froment,33,190.2,77.6,tennis,38.2,9.23,7
462,Heath Southway,28,174.1,65.0,tennis,35.48,5.23,34
463,Ugo Gravy,33,150.8,96.7,tennis,21.16,1.13,12
464,Poul Rowlin,36,205.5,84.4,soccer,54.26,8.36,26
465,Shell Percifull,36,194.2,64.8,soccer,40.5,2.68,6
466,Frances Gartland,18,167.9,111.4,swimming,52.77,11.25,18
467,Burg Garforth,25,160.6,70.7,basketball,22.23,9.54,2
468,Jacquenette McNally,25,214.6,72.0,soccer,39.74,0.06,29
469,Cloris Flori,19,182.3,102.8,basketball,55.06,2.56,39
470,Melva Royds,36,159.0,97.6,basketball,6.22,9.91,21
471,Raynard Bouts,18,219.2,115.2,tennis,34.28,11.88,37
472,Keary Kleinsinger,39,152.9,63.1,basketball,13.08,10.98,21
473,Reiko Digman,34,182.0,79.7,basketball,29.03,8.21,26
474,Tracie Blackie,23,168.8,72.6,basketball,14.91,4.95,28
475,Rustie Yaldren,33,164.4,119.2,swimming,8.99,8.03,14
476,Brocky Franken,27,176.6,52.8,tennis,48.2,7.83,14
477,Bette-ann Undy,39,188.2,75.8,tennis,29.19,4.45,23
478,Kirk Buttner,26,219.7,70.7,tennis,38.15,2.49,22
479,Lucien Bondar,34,163.2,67.5,swimming,44.09,6.5,22
480,Xerxes Chucks,36,200.9,55.7,basketball,32.71,9.51,26
481,Doy Blouet,36,182.7,106.8,basketball,12.41,9.56,37
482,Fraze Robberecht,38,185.5,114.7,tennis,17.55,4.7,14
483,Wilhelm Mowbury,33,202.5,93.2,swimming,53.64,3.32,28
484,Matilde Donwell,37,215.0,86.8,swimming,15.2,1.32,7
485,Gregor Denecamp,30,159.6,90.8,basketball,33.71,3.71,10
486,Trip Gribble,31,201.4,66.5,swimming,59.32,11.03,0
487,Grethel Giacovetti,21,203.1,67.3,basketball,37.27,9.17,18
488,Harrie Braidman,31,215.0,60.7,swimming,39.09,6.07,5
489,Mariellen Ponting,25,158.7,50.5,swimming,59.73,1.07,19
490,Max Giraudot,40,202.9,83.8,soccer,45.69,8.31,37
491,Giacomo Fairlie,34,150.0,102.1,basketball,20.35,4.2,31
492,Fin Kilrow,22,165.8,54.9,soccer,40.62,5.39,3
493,Loydie Lardeux,18,153.2,94.8,basketball,8.18,11.71,18
494,Gusty Cowderoy,19,198.0,92.2,soccer,49.5,8.53,20
495,Jaimie Weaving,37,172.0,64.7,basketball,32.0,11.02,34
496,Glynda Armsby,32,175.6,60.7,swimming,29.9,9.95,26
497,Rutherford Reddington,19,193.6,80.5,basketball,34.7,5.05,15
498,Emmery Bourgaize,39,169.7,109.3,basketball,47.99,3.22,0
499,Gustavo Schaffel,35,173.6,54.2,swimming,21.77,11.07,7
500,Heinrik Deville,23,209.3,67.0,basketball,11.19,3.86,27
501,Darn Alti,31,156.2,99.5,soccer,25.04,6.72,0
502,Julita Markovich,27,205.5,83.6,swimming,22.84,9.63,12
503,Hadley Wilds,29,173.8,57.6,soccer,3.46,5.22,30
504,Carlyle Androsik,27,155.3,104.9,basketball,19.52,3.45,23
505,Roth Chamberlaine,23,192.4,53.9,swimming,51.9,6.79,38
506,Miguel Lepope,21,210.4,53.0,basketball,23.08,6.76,38
507,Culver Campany,38,159.9,63.2,basketball,19.61,3.42,34
508,Justen Glavias,20,159.1,89.2,swimming,47.72,10.3,21
509,Jana Zecchinelli,29,196.3,104.6,soccer,27.42,8.86,25
510,Alia Camble,24,206.3,72.3,soccer,42.8,7.34,8
511,Elaina Heister,18,155.8,100.0,tennis,24.6,9.05,32
512,Berna Draycott,39,162.4,86.5,tennis,37.14,7.67,21
513,Charla Daintier,20,179.8,105.9,swimming,25.42,1.83,37
514,Emanuele Cuell,20,213.3,104.3,tennis,13.94,10.46,40
515,Brigitta Wolseley,18,202.2,119.4,swimming,2.8,5.42,37
516,Torey Croser,34,197.7,74.5,swimming,9.72,9.18,20
517,Aland Gallichiccio,18,213.4,110.8,swimming,4.42,1.03,18
518,Berky Rushbrook,39,172.7,91.7,soccer,41.4,7.13,15
519,Thorny Cripin,26,184.9,102.6,swimming,54.59,6.82,19
520,Abbot Horder,35,187.2,119.9,tennis,17.25,5.56,12
521,Lew Skamal,18,209.0,114.5,swimming,30.24,10.95,4
522,Helenelizabeth Riep,27,178.4,100.7,soccer,57.22,5.12,24
523,Rudolf Inold,26,177.0,119.7,basketball,20.82,1.61,25
524,Garfield Sacaze,40,150.3,97.2,basketball,4.39,2.26,4
525,Colin Tombleson,21,209.1,104.6,soccer,2.99,3.23,15
526,Buiron Acey,35,209.5,111.7,soccer,28.93,7.69,26
527,Latisha Skegg,19,189.7,92.8,basketball,28.22,6.53,8
528,Rem Bridgland,32,176.6,79.2,basketball,3.26,1.4,10
529,Loutitia Clayson,19,210.6,108.3,soccer,20.33,9.04,7
530,Ingaborg Graysmark,22,156.3,78.2,swimming,22.24,8.56,36
531,Morty Bend,25,218.4,84.2,tennis,28.91,4.06,28
532,Benjie Lehemann,19,171.9,115.7,basketball,48.5,10.76,33
533,Tandi Haskur,39,172.6,56.5,swimming,29.0,9.73,22
534,Daryle Darcy,22,187.6,78.8,basketball,33.78,8.06,18
535,Ephrem Thieme,36,190.7,93.9,soccer,55.28,4.65,39
536,Brander Straine,23,203.8,117.2,basketball,1.22,0.49,40
537,Gweneth Borkin,40,205.0,61.5,soccer,58.91,9.34,28
538,Leda Cheetham,36,194.0,52.9,swimming,19.77,11.71,24
539,Katharyn O'Towey,22,215.6,73.5,soccer,32.88,2.56,26
540,Kennith Bannon,34,180.9,114.2,soccer,11.32,7.43,39
541,Clyde Marjoribanks,40,200.8,75.0,tennis,2.1,8.75,37
542,Cate Celes,27,170.2,90.6,tennis,1.42,0.37,18
543,Gladys Kobieriecki,18,218.1,55.2,swimming,41.85,9.03,4
544,Nolie Torregiani,30,154.1,73.6,soccer,57.45,10.31,16
545,Sasha Marklund,19,186.4,91.2,basketball,31.12,1.28,31
546,Emlyn Berrisford,34,151.2,92.6,basketball,37.65,5.68,8
547,Logan Trimby,28,160.7,106.3,soccer,55.91,7.44,9
548,Alisa Chisholme,33,182.0,82.5,swimming,0.99,9.87,30
549,Ariana Burrel,36,169.3,57.4,basketball,8.97,7.36,20
550,Farand Botham,32,157.1,56.8,basketball,54.73,8.91,5
551,Gustaf Windous,33,218.8,85.7,swimming,34.02,2.92,34
552,Artemus Gurney,30,161.7,103.4,swimming,33.33,7.68,34
553,Clarine Palfreyman,31,195.0,60.5,soccer,1.75,11.29,1
554,Gale Runnacles,26,201.0,64.8,basketball,36.91,10.23,21
555,Millard Hue,19,152.9,110.4,soccer,23.54,8.11,20
556,Devora Falk,40,215.4,112.5,tennis,49.54,10.62,0
557,Elden Boutellier,38,200.3,68.9,basketball,21.17,6.03,36
558,Sabrina Firpo,30,205.2,87.1,tennis,0.77,5.31,23
559,Cort Lurner,19,207.8,70.6,tennis,44.8,4.26,11
560,Giorgio Jallin,19,210.5,94.3,soccer,35.45,5.95,21
561,Ruben Gow,23,216.7,82.8,soccer,44.11,9.19,2
562,Ambrosio Clemenzi,25,157.4,74.2,swimming,0.32,4.35,28
563,Josie O'Dunneen,26,161.2,105.4,soccer,29.81,7.88,21
564,Cobbie Stowgill,35,214.6,97.5,swimming,38.72,6.73,3
565,Gawain Goodacre,22,219.8,109.1,basketball,0.8,10.93,24
566,Zane McBrearty,25,179.8,84.3,swimming,36.26,7.68,28
567,Sherm Heaphy,30,190.4,105.2,tennis,59.55,7.66,38
568,Patsy Broomer,34,200.5,76.9,swimming,50.65,6.33,0
569,Annalise Senecaut,33,180.4,68.9,swimming,22.2,6.72,22
570,Kareem Vinter,22,218.8,60.9,soccer,22.11,9.5,37
571,Sherwin Boothman,38,210.0,113.7,tennis,47.11,3.6,13
572,Henrietta Brockelsby,29,215.9,106.0,tennis,17.37,10.09,34
573,Mellie Reasce,22,163.3,109.5,soccer,42.85,4.2,3
574,Bird Verick,19,180.1,58.9,basketball,30.89,10.47,26
575,Zeke Howat,26,173.5,105.8,basketball,2.42,2.66,19
576,Dotty Sleney,40,163.6,117.2,basketball,34.86,8.33,38
577,Luciana Scohier,29,215.8,66.5,soccer,26.57,0.63,22
578,Missie Beney,21,207.3,95.3,swimming,46.22,10.73,38
579,Shanta Belvin,35,161.6,96.0,swimming,16.29,9.08,38
580,Virginia Pestor,37,169.6,91.8,soccer,2.01,6.98,0
581,Idalia Braben,33,166.0,118.8,tennis,50.74,0.87,6
582,Jackquelin Buney,19,212.2,80.5,soccer,59.26,9.97,20
583,Robby Lucia,39,187.5,91.5,soccer,14.35,8.99,17
584,Ivor McHenry,29,189.4,99.0,tennis,16.03,8.24,14
585,Ivy Iglesias,38,171.7,79.3,soccer,18.61,7.82,10
586,Cleavland Stute,34,163.6,81.4,swimming,7.32,1.24,7
587,Dorri Widdowson,18,172.9,64.9,tennis,7.0,8.95,17
588,Stillman Golde,24,161.2,113.9,swimming,17.21,0.94,33
589,Jeri Hinchshaw,21,198.5,112.2,tennis,2.0,5.1,23
590,Charlene Blanning,23,157.3,59.5,tennis,22.42,10.71,40
591,Kathie Trenholme,19,162.0,71.9,swimming,11.83,10.94,3
592,Flossy Necolds,38,168.3,70.7,tennis,30.83,1.12,1
593,Pembroke Koppens,28,163.6,114.5,tennis,36.66,10.48,15
594,Thorn Juleff,22,165.8,102.9,soccer,33.76,0.59,6
595,Abbye Ferrieri,30,189.5,59.4,tennis,46.35,0.61,35
596,Gardiner Longworth,27,196.2,96.9,basketball,41.04,3.62,37
597,Dale Vallerine,36,208.5,59.7,soccer,2.29,5.11,28
598,Sherye Dank,21,200.6,66.9,soccer,20.7,4.16,7
599,Raimondo Collick,23,191.6,80.0,soccer,40.05,9.14,14
600,Consuelo Guillerman,30,159.2,75.7,basketball,10.89,11.85,13
601,Dane Blanche,28,219.8,113.7,basketball,44.43,5.94,20
602,Cariotta Nisbet,18,196.6,98.0,tennis,56.62,11.95,13
603,Odelia Stilwell,28,165.1,106.9,tennis,27.83,3.32,32
604,Arabelle Ryal,39,179.0,102.6,tennis,21.63,2.33,9
605,Berkie Dearnly,22,193.9,96.8,tennis,38.87,6.09,34
606,Kerby Sproat,23,219.3,53.9,tennis,38.97,5.44,21
607,Elise Pardey,33,203.0,75.9,tennis,44.36,6.11,24
608,Saleem Lochet,35,209.0,50.0,basketball,59.06,1.56,24
609,Cory Muzzillo,37,194.4,108.9,tennis,22.41,10.79,3
610,Mathe Handforth,36,172.2,69.1,swimming,47.73,9.66,2
611,Eugenie Borrett,18,174.3,56.5,tennis,36.95,3.57,20
612,Querida Severns,30,197.2,63.3,basketball,51.55,10.7,6
613,Seth Kerrich,31,215.7,102.8,soccer,2.51,5.06,4
614,Emiline Feldharker,27,179.2,80.4,tennis,7.51,8.09,29
615,Meir Liepina,23,215.2,101.0,basketball,16.78,4.79,12
616,Jess Schaffel,38,184.2,110.2,soccer,56.41,4.42,27
617,Kimball Lagde,36,163.9,87.6,tennis,8.21,6.34,39
618,Corella Endecott,40,202.4,84.2,tennis,49.3,11.04,18
619,Karla Yushin,37,153.9,54.6,swimming,1.61,7.0,31
620,Gard Fordham,23,187.4,92.6,tennis,39.39,1.96,3
621,Averil Manifield,23,202.2,85.5,swimming,0.51,1.53,9
622,Seward De Freitas,37,219.5,82.2,swimming,40.94,1.31,27
623,Rustie Downing,35,218.6,57.8,swimming,36.16,3.36,14
624,Calv Carette,33,153.4,116.3,tennis,14.59,9.62,35
625,Zarah Figg,34,207.2,65.7,swimming,33.18,7.93,37
626,Sybila Wilbore,38,166.1,83.1,swimming,37.42,8.91,30
627,Yorke Yakovlev,24,174.1,68.2,basketball,12.58,3.15,5
628,Bondy Sibary,26,209.1,101.0,basketball,27.72,8.44,30
629,Henrietta Ghiraldi,20,183.6,71.8,basketball,51.48,6.32,16
630,Sherman McCoy,39,201.1,94.2,basketball,2.65,3.87,39
631,Adrianne Aggett,21,191.0,53.1,basketball,42.78,7.82,40
632,Briney Gurden,28,184.1,74.8,swimming,17.96,5.94,11
633,Willabella Knellen,33,161.4,77.8,swimming,2.66,0.36,28
634,Roxi Liddiard,36,203.0,67.5,basketball,18.8,1.0,35
635,Gabriellia Ricciardo,18,199.0,98.0,soccer,25.39,3.56,10
636,Claudio Girodin,35,192.1,91.3,soccer,32.96,3.09,25
637,Darelle Ballinger,25,214.6,60.3,basketball,26.2,11.7,11
638,Bondie Gutridge,31,193.3,51.8,soccer,14.4,8.6,40
639,Gabriele Jedrysik,19,172.4,102.5,swimming,2.91,4.08,3
640,Hyacinth Furmedge,20,167.4,69.9,soccer,52.92,9.07,22
641,Clio Broune,30,198.2,88.0,soccer,14.96,9.62,39
642,Rea Leeb,20,184.1,81.4,basketball,32.31,11.68,3
643,Christa Snoxall,30,165.1,76.9,swimming,31.28,0.97,2
644,Grayce Bales,40,157.5,78.1,swimming,22.45,3.33,11
645,Marianne Hoffman,24,219.1,92.4,tennis,56.41,8.41,15
646,Kin Beaudry,24,211.4,75.6,soccer,26.52,4.93,23
647,Minta Assiratti,28,194.6,104.6,soccer,41.84,11.58,35
648,Felicia McGorley,24,191.8,111.6,swimming,22.3,11.7,31
649,Franz Sidsaff,32,205.6,78.3,swimming,20.19,6.4,2
650,Darci Exroll,30,159.8,55.9,basketball,3.3,6.04,14
651,Mela Mathys,38,197.9,75.6,basketball,24.4,11.32,7
652,Filmer Geely,20,162.3,85.6,soccer,10.27,0.25,37
653,Barbey Slidders,33,193.4,101.6,tennis,26.68,10.42,33
654,Wye Champneys,19,150.1,54.5,swimming,19.02,4.85,15
655,Ebonee Drinkhall,35,201.2,60.8,swimming,10.52,7.09,29
656,Lynsey Philcock,30,183.1,92.7,swimming,35.9,5.4,33
657,Talyah Iannello,33,192.8,97.7,swimming,58.13,10.66,5
658,Von Carrett,27,151.4,104.8,soccer,14.86,5.2,28
659,Brendon Spavon,27,169.1,96.2,soccer,10.27,9.4,18
660,Dara Weafer,20,187.8,56.4,tennis,31.67,2.56,29
661,Marcellus Badger,32,157.3,52.6,tennis,8.17,1.1,16
662,Enid Divell,23,156.6,62.2,tennis,37.81,4.63,21
663,Rudolfo Wicklin,24,198.4,53.1,tennis,58.68,0.93,38
664,Lindsey Klimes,38,158.0,82.0,soccer,21.17,5.72,15
665,Ondrea Grafton-Herbert,31,181.8,117.1,swimming,37.35,2.4,37
666,Dalila Risborough,22,163.8,95.0,soccer,28.53,8.54,2
667,Alessandro Tomasello,36,205.3,114.5,basketball,32.01,0.95,4
668,Carolina Archbell,33,172.6,64.6,swimming,36.97,7.67,18
669,Trenton Rocco,31,189.0,97.6,soccer,55.28,7.28,34
670,Lenore Sayward,18,165.1,57.7,tennis,26.13,10.74,9
671,Salvador Pentland,19,172.5,75.6,soccer,20.81,1.15,8
672,Raf Kyrkeman,28,169.1,112.9,soccer,59.01,5.85,11
673,Dulcy Methuen,40,179.0,75.9,tennis,23.95,3.98,34
674,Reba Dufer,25,168.1,105.1,swimming,50.19,4.88,33
675,Carley Rickell,22,160.9,90.6,basketball,14.62,2.44,38
676,Peggy Etchell,26,165.9,104.4,swimming,46.89,1.63,1
677,Chevy Hills,33,215.6,67.2,basketball,51.99,7.73,40
678,Hershel Dunford,37,205.1,106.2,basketball,2.53,9.73,2
679,Myrah Murty,29,172.7,117.5,soccer,20.16,6.15,1
680,Gilda Hansen,24,200.3,97.1,swimming,7.52,10.54,28
681,Auria Hinrich,27,174.9,91.5,soccer,54.78,4.1,24
682,Sophie Staddom,20,207.5,99.6,basketball,19.89,4.47,6
683,Essa Camamile,22,181.1,67.6,basketball,29.23,11.11,11
684,Prescott Rosenzwig,40,201.9,80.6,tennis,8.04,10.67,21
685,Aloin Jurgen,18,170.9,67.0,soccer,17.08,9.34,10
686,Petey Decruse,29,162.2,66.2,tennis,15.25,3.76,37
687,Franklyn Fisbburne,30,170.2,76.5,tennis,18.38,8.65,0
688,Annette Millwall,22,206.2,118.6,tennis,7.23,9.96,15
689,Nixie Thursfield,19,152.9,117.9,swimming,46.11,6.98,4
690,Andree Arnaudi,35,205.4,81.8,basketball,52.38,10.97,35
691,Woodman Bohlin,37,213.1,57.7,basketball,44.81,8.75,9
692,Allyson Culbard,27,151.2,86.2,basketball,40.83,11.55,27
693,Stevena MacDavitt,37,161.0,81.1,swimming,10.5,9.48,14
694,Gussy Knutsen,24,153.3,98.7,swimming,13.56,6.25,30
695,Catlee Breukelman,25,161.5,74.0,tennis,0.83,6.65,7
696,Em Blodgett,30,180.1,107.4,basketball,16.02,8.38,30
697,Aime Keetley,35,163.6,101.1,swimming,30.64,10.69,6
698,Izzy Ferraraccio,39,216.8,119.3,soccer,51.26,3.91,31
699,Cristionna Mence,25,211.6,91.3,basketball,29.74,6.01,34
700,Kelly Toke,21,151.1,104.4,basketball,0.04,3.48,0
701,Othilia Ruckhard,25,211.7,100.7,swimming,12.8,7.99,29
702,Garnette Kybird,19,156.1,72.7,soccer,40.38,5.48,13
703,Lanni Pauleit,28,186.7,86.1,swimming,2.39,8.01,1
704,Richie Maymond,28,173.1,63.7,swimming,52.97,1.89,20
705,Catharina Lohan,29,197.5,91.6,tennis,21.6,5.8,40
706,Rosella Haylett,32,162.9,93.8,swimming,32.49,6.68,38
707,Kenton Oret,37,212.8,117.2,soccer,20.78,2.32,8
708,Sadella Leed,27,204.1,81.8,soccer,16.29,10.27,16
709,Gail Wattam,22,168.2,103.4,soccer,13.06,7.74,2
710,Nev Allington,40,156.9,99.8,soccer,45.5,11.2,14
711,Gracia Guys,39,202.0,99.2,swimming,24.79,5.25,21
712,Gale Broker,21,191.5,63.7,swimming,31.46,7.4,19
713,Danit Licquorish,37,151.8,94.2,soccer,30.85,7.7,32
714,Ulrica Rosthorn,26,176.3,79.4,tennis,11.99,3.23,17
715,Elva Buckthorpe,22,174.2,53.7,basketball,38.46,0.72,34
716,Katina Corden,22,154.2,79.0,soccer,6.39,4.44,13
717,Evangelin Lightbody,35,174.5,84.9,soccer,16.27,6.96,22
718,Orville Tant,18,204.3,56.7,soccer,14.73,11.98,31
719,Dorey Hourican,39,199.3,58.6,basketball,43.55,11.66,26
720,Nikita Gillings,20,170.1,74.0,soccer,40.4,7.79,1
721,Bjorn Earles,27,158.0,71.2,swimming,47.75,0.13,8
722,Vail Petegre,31,167.5,113.5,soccer,43.84,3.73,31
723,Marven Nerne,34,163.9,98.2,swimming,50.09,4.55,10
724,Toddie Spriggen,23,184.6,112.5,basketball,53.32,7.06,22
725,Neale McClancy,37,155.0,80.3,swimming,6.07,10.19,18
726,Lorrie Stephens,34,168.8,88.4,soccer,20.31,2.94,17
727,Ab Woodley,39,152.7,105.4,tennis,50.44,9.56,6
728,Finlay Hawker,19,186.1,110.6,soccer,56.18,11.42,28
729,Marni Menauteau,38,183.7,112.8,basketball,29.56,1.03,25
730,Joly Windmill,29,199.3,84.5,swimming,56.95,7.11,12
731,Willie Bovis,21,196.2,108.2,swimming,27.76,6.69,32
732,Patrice Caris,33,188.7,99.2,swimming,14.84,0.07,37
733,Ag Tamblyn,26,155.6,94.1,soccer,15.91,9.39,21
734,Lindsay Grafhom,32,202.3,83.9,swimming,57.29,7.31,34
735,Sampson Somerlie,36,185.7,111.2,tennis,8.12,2.17,12
736,Roger Cotgrave,22,185.6,82.5,soccer,10.21,2.39,3
737,Nikos Brunnen,25,174.3,80.7,tennis,39.02,1.61,3
738,Moses Parkin,20,182.7,66.1,basketball,20.42,4.97,31
739,Dalton Izod,21,175.1,92.0,soccer,14.57,2.55,9
740,Isak Fantin,38,174.4,72.0,basketball,51.84,11.29,35
741,Alister Brownell,29,160.9,92.1,tennis,42.08,10.6,29
742,Zorine Pisco,21,182.1,80.1,soccer,42.81,4.68,29
743,Gilles Stare,31,179.8,86.9,tennis,4.01,8.6,10
744,Lynett Andreix,18,197.6,71.0,basketball,5.26,11.77,28
745,Karleen Frosch,33,208.0,59.3,swimming,31.66,6.94,19
746,Poppy Roddick,30,172.0,100.3,swimming,47.75,8.63,40
747,Dory Bradden,32,182.8,95.5,soccer,10.97,3.66,11
748,Willy Coleborn,25,195.6,109.5,soccer,14.08,3.98,33
749,Verine Elen,27,161.0,81.5,tennis,4.48,7.71,30
750,Shoshana Gibson,28,158.5,97.4,basketball,15.2,9.49,30
751,Falito Sijmons,31,205.5,63.5,soccer,48.66,4.75,38
752,Olwen Calvie,40,195.3,96.8,basketball,39.58,3.29,40
753,Evita Dusting,20,211.8,106.5,tennis,19.33,2.14,32
754,Karmen Maynard,24,196.7,68.1,swimming,24.69,5.63,0
755,Sunny Garric,35,156.1,52.8,soccer,14.59,9.78,11
756,Karyn Pinxton,25,197.6,92.0,basketball,10.81,8.66,35
757,Marieann Deverill,39,156.1,119.1,soccer,3.99,7.25,31
758,Hailee Fibbit,40,218.3,95.8,tennis,18.5,11.79,10
759,Jorge Bockett,19,174.5,82.8,swimming,37.52,0.45,39
760,Melosa Brissenden,26,189.1,62.4,soccer,21.47,0.89,4
761,Corrinne Bicheno,39,219.2,95.5,soccer,11.36,9.55,31
762,Jourdain Stonebanks,39,164.3,98.4,basketball,26.58,6.98,31
763,Doti Clarridge,35,158.4,53.3,basketball,34.42,2.16,31
764,Merilyn Blonfield,31,159.2,52.6,swimming,57.27,10.67,39
765,Pace Hansbury,38,204.0,110.4,swimming,23.61,4.37,0
766,Tab Brahmer,27,155.2,92.5,soccer,46.83,0.57,38
767,Garnet De Bruin,30,203.2,67.0,swimming,2.09,8.1,13
768,Farica Eisikowitz,24,216.4,83.5,soccer,50.1,11.31,26
769,Miltie Dullingham,29,187.9,65.2,basketball,46.18,8.27,33
770,Selby Obbard,36,184.4,117.2,soccer,37.73,10.93,22
771,Erwin McCard,31,156.6,116.3,tennis,1.15,2.58,23
772,Fran Crayk,20,153.9,83.0,tennis,44.53,11.61,21
773,Sergei Raspison,18,186.9,119.6,soccer,10.98,1.29,34
774,Gael Crammy,25,168.5,85.8,basketball,19.15,11.91,31
775,Sibel Trevarthen,30,213.4,55.4,basketball,43.53,9.51,34
776,Alard Arbuckel,40,158.2,88.4,soccer,40.59,8.55,17
777,Denna Hrishchenko,20,209.0,98.2,swimming,48.83,11.29,25
778,Carolyne Elfe,29,174.7,66.6,soccer,17.73,10.97,39
779,Bordy Niesel,34,169.2,96.7,basketball,20.22,7.08,2
780,Penelope Metzel,28,209.8,110.4,swimming,56.3,10.09,11
781,Boote Cullinane,33,206.5,84.2,soccer,35.57,6.5,13
782,Lilian M'cowis,28,155.7,118.2,basketball,11.7,1.88,15
783,Dionisio Cratchley,32,172.2,108.5,swimming,46.81,10.68,9
784,Gasparo Gilfoy,19,169.7,71.4,basketball,0.75,2.33,12
785,Deni Eyes,36,163.6,94.7,soccer,2.05,10.82,29
786,Seamus Edmunds,31,180.8,101.8,soccer,54.14,6.95,14
787,Kellia Perago,27,161.3,111.0,swimming,52.35,5.32,19
788,Heida Oulner,28,208.6,59.6,basketball,51.84,4.85,25
789,Alysa Starkie,25,200.3,100.7,soccer,37.1,8.18,29
790,Candace Geeves,38,203.7,112.1,soccer,29.32,4.74,40
791,Cord Dabbs,26,216.9,75.5,swimming,29.51,10.38,20
792,Opaline Meriel,33,166.5,95.4,swimming,42.6,5.85,38
793,Kiah Eliasen,29,177.6,77.7,tennis,10.73,7.05,22
794,Korey Titcom,19,174.0,94.0,basketball,10.56,10.13,2
795,Marlon Pearsall,34,203.9,65.0,soccer,59.14,6.33,4
796,Maggi Bradneck,39,214.5,90.3,tennis,40.33,10.03,27
797,Thorndike Ennor,19,154.9,101.3,tennis,31.18,10.8,37
798,Cary Winks,30,178.7,58.3,tennis,0.53,7.98,30
799,Hortense Maestrini,28,166.8,60.8,soccer,13.13,6.64,33
800,Cathyleen Crolly,38,181.6,94.9,soccer,10.77,10.65,22
801,Babb Cayle,39,212.8,58.7,swimming,33.82,5.68,38
802,Shelba Lomath,27,214.3,56.0,swimming,32.62,6.63,30
803,Wilhelmina Quincee,21,204.8,89.7,swimming,22.87,0.36,4
804,Consalve Sonley,19,178.5,117.2,soccer,55.63,2.22,20
805,Merrily Sachno,38,172.4,94.7,swimming,31.28,7.08,3
806,Hazel McComiskie,20,159.7,83.8,soccer,32.08,0.29,10
807,Guy Russel,34,204.0,95.4,soccer,21.28,11.69,38
808,Allsun Piletic,26,178.3,71.6,tennis,56.9,0.03,19
809,Ania Keeling,26,198.9,96.8,tennis,46.75,11.09,39
810,Julianne Gabotti,26,187.2,103.2,soccer,5.55,11.36,23
811,Xenos Deverill,21,199.3,58.6,soccer,47.61,7.56,13
812,Hannie Piccard,27,182.9,84.5,tennis,0.38,6.19,11
813,Bern Sabberton,21,205.3,114.6,tennis,51.49,3.44,13
814,Loraine Baroc,35,192.4,90.6,swimming,39.99,2.43,36
815,Mei Merfin,37,212.9,69.1,tennis,4.15,9.22,26
816,Consolata Cokayne,40,204.8,98.5,swimming,17.9,0.21,19
817,Connie Tape,33,205.0,107.5,soccer,44.16,9.05,4
818,Cosimo Rushman,35,151.3,96.7,basketball,40.69,5.91,2
819,Cora Benditt,38,168.8,91.9,tennis,32.9,2.06,5
820,Huntlee Blanket,31,198.2,71.8,tennis,8.05,7.55,16
821,Theodore Amphlett,32,166.6,96.8,tennis,32.31,0.35,26
822,Mellie Street,29,154.6,59.0,tennis,3.85,8.25,38
823,Kristien Vears,31,176.5,76.3,swimming,48.41,10.63,29
824,Cherry Cowie,30,200.1,86.6,tennis,31.81,7.28,39
825,Skippy Shead,19,180.4,88.2,soccer,27.67,7.82,6
826,Kerwin Elintune,34,217.0,118.0,soccer,40.25,11.97,19
827,Richmound Dixey,40,166.8,109.6,basketball,34.85,5.65,26
828,Merridie Lanchberry,27,193.8,64.8,basketball,37.1,10.88,14
829,Rachele Trinder,28,153.2,62.5,tennis,54.24,4.0,23
830,Carlen McGillreich,34,154.2,105.6,swimming,45.54,1.83,7
831,Kimball Peddie,33,185.1,101.5,soccer,34.96,6.04,38
832,Lyn Carneck,35,171.7,110.3,swimming,38.38,0.4,31
833,Danell Goalby,27,180.1,85.0,basketball,51.57,1.81,27
834,Lenka Dyerson,35,178.8,102.5,swimming,14.08,2.57,21
835,Shepard Westphalen,32,164.2,94.4,soccer,58.0,7.98,16
836,Ragnar Jovic,21,216.3,80.4,soccer,53.4,4.0,18
837,Barry Girod,40,194.1,78.0,swimming,11.3,7.99,8
838,Hiram Mitchinson,22,194.5,84.0,tennis,58.88,6.35,15
839,Maximilianus Pressland,25,165.1,72.3,soccer,7.87,4.94,13
840,Tamas Sisse,19,199.5,53.5,swimming,21.63,4.81,6
841,Laraine Orrah,38,189.3,63.4,swimming,10.75,4.06,3
842,Kristopher Bedborough,37,164.9,109.2,basketball,54.92,1.61,29
843,Sheff Meadus,35,197.0,118.2,tennis,52.33,3.78,13
844,Katleen Rappport,22,156.6,58.4,soccer,13.99,2.73,26
845,Mariann Markey,32,180.8,53.4,basketball,31.64,0.48,16
846,Gretal Lamble,19,176.0,72.6,soccer,45.03,1.25,20
847,Maddi Tape,40,178.1,61.6,tennis,25.26,4.16,29
848,Suzy Battelle,38,154.5,72.8,basketball,44.15,5.82,16
849,Salim Iacofo,26,172.5,112.1,swimming,17.34,1.33,30
850,Batholomew Houson,33,152.9,113.9,tennis,39.15,4.27,8
851,Wade Leggott,30,180.3,84.7,swimming,15.18,7.66,6
852,Inglebert Murch,30,196.9,103.2,swimming,38.59,3.57,28
853,Olenka Gainsford,40,192.6,86.0,soccer,41.03,6.39,12
854,Loree Conigsby,22,202.9,75.3,soccer,23.28,5.4,4
855,Raquel Findlow,20,192.7,51.2,tennis,9.22,7.61,12
856,Thomasin O'Grogane,20,212.7,57.4,swimming,8.24,3.63,17
857,Kelsi Wathell,35,210.0,72.5,tennis,31.35,10.71,30
858,Faydra Clamp,39,179.8,73.7,soccer,41.83,2.85,36
859,Cthrine O'Currigan,36,206.7,76.0,soccer,22.85,5.84,28
860,Aguie Simmers,34,156.8,55.9,soccer,28.33,11.1,5
861,Forest Benedidick,26,191.8,56.6,swimming,19.97,8.22,12
862,Tybi Shewsmith,34,204.8,86.0,tennis,0.29,7.98,6
863,Aguste Hathway,27,167.7,63.7,basketball,58.19,8.76,10
864,Elbertine Orrow,19,198.2,82.6,soccer,20.31,7.58,33
865,Cara Whitfield,40,170.9,56.3,swimming,26.69,2.95,24
866,Pietro Jacquemet,40,199.6,95.6,basketball,13.65,2.95,23
867,Roana Pendleberry,28,204.7,119.2,swimming,4.27,10.23,31
868,Hewie Grim,38,218.8,52.8,tennis,16.5,0.07,36
869,Arie Moncrieffe,33,211.6,70.0,basketball,40.55,11.38,21
870,Syd Baraja,34,206.2,55.0,swimming,53.79,6.28,11
871,Billy Roseveare,25,184.7,89.0,swimming,0.85,6.27,1
872,Pandora Stitt,18,196.6,59.9,swimming,6.54,9.64,22
873,Devinne Allerton,18,190.1,53.5,swimming,51.98,5.81,35
874,Cathi Kirkland,32,184.2,56.8,basketball,40.79,11.58,21
875,Kira Dranfield,35,196.5,113.9,soccer,39.89,3.22,34
876,Kippy Standell,27,214.5,69.0,tennis,4.52,3.53,38
877,Dagmar Madsen,24,160.2,116.3,tennis,4.31,1.38,18
878,Bone Yate,32,160.0,66.9,soccer,17.79,9.5,7
879,Randal Guarin,38,170.4,119.5,swimming,36.39,0.52,31
880,Werner Dowling,25,212.8,114.6,tennis,23.52,0.35,33
881,Dunn Strothers,18,160.2,97.0,swimming,41.89,0.65,21
882,Algernon MacAnespie,28,194.2,97.7,soccer,39.31,9.17,31
883,Art Choulerton,40,198.1,64.5,swimming,43.58,6.78,10
884,Joya Deex,23,164.7,59.4,basketball,18.66,0.59,4
885,Corrinne Poolton,38,183.0,50.1,swimming,39.5,3.92,33
886,Blane Grandison,33,187.7,60.7,soccer,9.23,9.6,22
887,Carolann Schwandermann,22,202.8,89.8,tennis,35.78,1.24,2
888,Bowie Bewley,32,219.9,98.4,tennis,16.54,1.82,36
889,Rollin Yakebowitch,26,181.2,104.8,swimming,7.87,3.79,18
890,Dorri Sainthill,31,195.7,52.8,basketball,50.7,5.09,31
891,Ingmar Dymott,18,200.0,95.3,basketball,19.09,0.9,33
892,Guntar Carnihan,20,213.8,50.9,tennis,41.51,10.15,31
893,Seline Lakeland,32,175.5,58.1,swimming,13.93,6.97,33
894,Chrissy O'Donoghue,39,170.6,107.4,soccer,10.09,0.54,5
895,Sebastian Gonthard,39,219.8,61.1,tennis,12.3,11.7,38
896,Roxanna Wisbey,19,196.1,69.7,swimming,31.05,7.5,24
897,Corrianne Melsom,39,173.5,51.5,swimming,47.62,1.88,20
898,Louis Janik,22,216.2,75.1,tennis,44.15,10.6,25
899,Delmar Maas,19,213.8,93.2,tennis,21.07,8.19,7
900,Sibilla Brownrigg,26,157.0,61.8,swimming,33.26,10.26,27
901,Cathrin Karle,19,175.3,111.6,tennis,12.65,5.26,36
902,Deena Loomes,28,192.8,102.8,swimming,10.65,7.4,10
903,Elsbeth Earthfield,21,197.7,119.2,swimming,4.32,4.41,12
904,Ralina Marishenko,34,218.5,68.8,soccer,39.93,4.79,18
905,Kat Hodjetts,32,181.5,69.3,tennis,21.81,7.75,8
906,Tait Keyworth,26,170.4,90.9,tennis,33.78,8.64,32
907,Kristian Prendergrass,29,176.7,104.4,swimming,34.06,11.79,11
908,Rica Carriage,37,158.3,109.2,tennis,41.1,1.77,15
909,Farrah Vere,34,171.3,92.9,swimming,58.16,1.76,23
910,Sandye Cometson,28,188.0,111.6,basketball,23.45,5.02,34
911,Virgie Kelsell,21,176.7,103.3,soccer,0.92,8.99,7
912,Loretta Crooks,28,191.3,110.6,soccer,33.71,2.98,10
913,Anitra Spridgeon,28,158.9,87.8,swimming,0.7,11.14,32
914,Margarete Boulstridge,38,216.2,67.5,swimming,1.54,8.49,23
915,Sander Binny,29,195.7,85.3,basketball,53.32,1.1,9
916,Cos Dorr,31,210.1,55.1,tennis,5.92,3.31,4
917,Jodi Toopin,19,150.9,105.3,soccer,30.28,1.95,31
918,Livvy Tisor,32,202.8,50.2,basketball,51.21,4.42,32
919,Phil Edler,21,187.0,83.6,swimming,46.2,10.01,27
920,Moselle Sissot,35,175.8,110.4,basketball,34.2,11.72,10
921,Teodor Kovalski,31,191.5,73.0,basketball,43.67,5.36,37
922,Tobiah Peck,34,210.2,107.2,soccer,0.64,0.39,19
923,Irita MacDonnell,34,196.0,76.3,swimming,35.92,4.95,17
924,Denny Barnfather,19,215.0,116.9,tennis,0.56,4.15,2
925,Rebbecca MacMenamie,29,172.0,102.7,swimming,0.55,4.32,0
926,Samara Jansens,23,217.1,104.8,soccer,47.4,5.81,8
927,Nicholas Dudson,21,184.3,64.3,soccer,23.15,1.81,10
928,Randi Daice,29,193.8,103.5,swimming,46.63,1.64,17
929,Elfie Surcomb,18,171.3,55.0,tennis,13.03,7.51,4
930,Chrystal Conechie,35,168.2,91.5,basketball,32.89,2.98,19
931,Graig Ausher,27,212.0,85.0,basketball,51.64,4.96,9
932,Becka Stedmond,33,160.6,115.7,soccer,6.12,8.74,6
933,Lainey Jakubczyk,26,187.0,65.6,basketball,55.02,5.27,37
934,Penelope Kiss,20,166.6,89.3,tennis,17.83,6.1,13
935,Pembroke Hourston,35,214.1,51.4,tennis,44.33,9.19,22
936,Dre Stubbins,21,167.3,118.3,soccer,55.8,4.02,29
937,Jorge Kittiman,37,188.2,71.0,soccer,49.61,5.88,26
938,Remus Pourveer,25,165.7,68.3,tennis,18.26,8.0,15
939,Lynnette Chetwin,37,193.1,68.7,basketball,21.43,6.71,19
940,Corilla Nary,19,156.9,98.6,basketball,20.36,4.35,21
941,Augustus Prydden,24,196.3,85.2,tennis,4.15,2.76,16
942,Lucius Giuroni,36,172.6,51.8,soccer,2.54,1.55,29
943,Shay Stanlake,31,204.2,91.2,tennis,50.01,10.64,13
944,Krisha Lung,22,202.6,104.0,swimming,3.05,3.36,24
945,Vidovic Crich,37,219.9,79.5,swimming,37.0,2.43,33
946,Barclay Pudner,22,200.4,84.9,tennis,32.14,1.92,7
947,Joeann Bamford,40,182.0,110.9,swimming,50.01,5.63,27
948,Natalya Perassi,23,172.8,104.3,swimming,49.8,5.31,36
949,Hannah Varga,39,166.4,61.8,basketball,55.12,8.39,15
950,Rayna Hulstrom,25,189.3,80.2,swimming,38.0,4.57,8
951,Farrell Leyland,36,185.5,75.6,basketball,4.55,11.99,12
952,Ibbie Bowick,33,167.0,79.2,tennis,21.55,0.94,12
953,Veronika Dorn,22,202.9,113.3,tennis,12.37,5.81,34
954,Fernandina Gregg,40,162.1,101.4,basketball,31.13,11.72,33
955,Hunt Brownell,20,212.5,99.0,tennis,6.81,2.16,15
956,Amity Poyser,33,169.3,87.5,soccer,0.18,7.54,9
957,Fredelia Godlee,18,208.4,65.3,swimming,59.32,4.96,12
958,Corbin Shermore,32,174.3,85.0,soccer,9.84,5.48,36
959,Ewell Feaver,35,216.3,107.2,tennis,55.43,7.02,11
960,Casandra Alcide,34,205.0,72.2,basketball,35.01,1.79,10
961,Julius Wardington,27,211.2,56.4,soccer,52.27,4.39,4
962,Erhart Torr,36,183.4,107.8,soccer,32.01,3.07,24
963,Lenka Peterson,18,154.1,62.7,basketball,12.44,2.2,27
964,Boonie Tancock,21,207.6,72.7,swimming,11.56,10.83,27
965,Ginnifer Gerardet,29,175.0,119.3,tennis,53.71,8.95,39
966,Olivette Angless,36,196.5,108.9,soccer,29.74,11.48,35
967,Cristian Lardeux,18,164.5,61.4,soccer,4.86,4.26,32
968,Phil Barendtsen,31,219.8,53.0,swimming,8.77,2.27,31
969,Myrah Zienkiewicz,24,167.6,76.6,soccer,6.38,5.63,4
970,Jedediah Lempenny,32,176.0,89.9,basketball,19.54,11.1,6
971,Lebbie Raecroft,30,190.2,113.2,soccer,40.54,9.99,3
972,Francis Court,22,219.2,89.4,soccer,38.62,8.88,14
973,Sherwin Eilers,35,186.8,82.2,swimming,12.33,6.09,34
974,Monah Valois,29,207.2,116.2,basketball,53.81,3.02,11
975,Ewart Donat,19,215.9,70.6,soccer,36.34,4.45,32
976,Nicolina Boyda,35,167.3,54.4,tennis,30.24,9.26,0
977,Shirley Nickols,26,171.6,103.9,tennis,29.93,8.63,21
978,Derick Brearty,33,209.2,56.5,basketball,4.77,9.57,14
979,Charita Pilmer,29,154.5,50.4,tennis,50.99,7.76,0
980,Gillie Balam,19,184.0,106.2,swimming,54.83,1.62,22
981,Meta Gerbi,19,198.1,63.3,basketball,53.04,6.33,31
982,Ulrika Penkman,30,202.8,62.6,swimming,46.31,7.16,27
983,Katrina Wimpeney,38,197.0,117.4,basketball,6.15,10.52,2
984,Kayne Ibbitt,22,195.7,50.6,swimming,3.91,5.29,35
985,Noelani Dineen,27,181.4,63.4,basketball,38.44,0.89,12
986,Onida McCloy,36,202.4,71.2,basketball,14.51,10.97,36
987,Phaidra Reah,26,216.5,72.4,basketball,33.39,2.28,14
988,Emili Yanson,26,159.0,90.8,basketball,48.81,0.22,8
989,Arie Sign,40,160.2,111.3,basketball,54.92,11.56,25
990,Gil Miller,21,150.8,106.2,soccer,46.78,4.33,30
991,Anatole Wherrit,22,207.7,79.1,basketball,35.99,10.03,23
992,Margalo Curragh,22,215.4,105.4,soccer,18.38,8.07,36
993,Kipper Ashpital,26,159.0,54.4,tennis,21.16,5.54,6
994,Garwood Rudgard,32,207.2,98.2,tennis,29.34,1.01,36
995,Appolonia Haysey,25,202.1,108.5,swimming,35.21,3.31,6
996,Wain Broster,25,212.1,118.9,swimming,48.4,11.38,5
997,Lorne Willicott,35,209.0,107.6,swimming,23.82,10.9,7
998,Dani Lukianov,31,206.1,60.0,tennis,39.83,10.5,10
999,Jennette Smither,39,217.2,71.2,swimming,39.82,0.67,15
1000,Nowell Menary,25,156.8,119.0,swimming,0.4,11.55,21
